{
    "RandomForest": {
        "n_estimators": 129,
        "max_depth": 19,
        "min_samples_split": 5,
        "min_samples_leaf": 1
    },
    "XGBoost": {
        "n_estimators": 477,
        "max_depth": 10,
        "learning_rate": 0.06791668744706071,
        "subsample": 0.8388310094814817,
        "colsample_bytree": 0.664631462860342,
        "min_child_weight": 3
    },
    "LightGBM": {
        "n_estimators": 218,
        "max_depth": 9,
        "learning_rate": 0.15259532952392194,
        "num_leaves": 61,
        "subsample": 0.6907253217292528,
        "colsample_bytree": 0.837559863412763
    }
}